Wall time,Step,Value
1783870384.1311529,200000,0.01921069249510765
1783870388.546669,300000,0.024435365572571754
1783870392.975704,400000,0.007160565350204706
1783870398.672617,500000,0.004038318991661072
1783870403.384393,600000,0.0054309675469994545
1783870408.165762,700000,0.005577482283115387
1783870413.001211,800000,0.005804764572530985
1783870418.1193118,900000,0.006365925073623657
1783870423.944101,1000000,0.0031153815798461437
1783870429.139821,1100000,0.007974362000823021
1783870435.01506,1200000,0.003342830343171954
1783870440.668986,1300000,0.0034995819441974163
1783870445.5806231,1400000,0.00403631292283535
1783870451.1874602,1500000,0.019475633278489113
1783870456.6558359,1600000,0.0184083953499794
1783870461.3010361,1700000,0.018306054174900055
1783870466.249753,1800000,0.00964194443076849
1783870471.358263,1900000,0.004983172751963139
1783870477.039687,2000000,0.009950395673513412
1783870482.053622,2100000,0.007781709544360638
1783870486.827658,2200000,0.013771316036581993
1783870491.838938,2300000,0.014552210457623005
1783870496.42874,2400000,0.006789737846702337
1783870501.8554912,2500000,0.0035557779483497143
1783870506.865674,2600000,0.009091238491237164
1783870511.390054,2700000,0.0074408515356481075
1783870516.222479,2800000,0.0069094435311853886
1783870520.873667,2900000,0.00619085505604744
1783870526.172817,3000000,0.012524046003818512
1783870530.9777842,3100000,0.013055386953055859
1783870535.6978838,3200000,0.011033117771148682
1783870540.6877599,3300000,0.006095259450376034
1783870545.170708,3400000,0.004276305437088013
1783870550.334913,3500000,0.00979501660913229
1783870555.078797,3600000,0.012506303377449512
1783870559.7470562,3700000,0.00547937024384737
1783870564.1407738,3800000,0.010483664460480213
1783870568.586015,3900000,0.009036180563271046
1783870573.720858,4000000,0.009293930605053902
1783870577.963764,4100000,0.02196330577135086
1783870582.303524,4200000,0.0052047716453671455
1783870586.677788,4300000,0.008608171716332436
1783870591.004374,4400000,0.004680558107793331
1783870596.0625489,4500000,0.009395618923008442
1783870600.3938088,4600000,0.004107004031538963
1783870604.6533592,4700000,0.012205662205815315
1783870608.9013052,4800000,0.005060277413576841
1783870613.144153,4900000,0.006802355404943228
1783870618.159085,5000000,0.006269355304539204
1783870622.419405,5100000,0.008322500623762608
1783870626.676706,5200000,0.005556479562073946
1783870630.971421,5300000,0.00966025609523058
1783870635.5778382,5400000,0.008343336172401905
1783870640.730322,5500000,0.003613139735534787
1783870644.990381,5600000,0.03166394308209419
1783870649.248705,5700000,0.004072056617587805
1783870653.507551,5800000,0.005208575166761875
1783870657.7807639,5900000,0.004953785799443722
1783870662.780097,6000000,0.007933182641863823
1783870667.066787,6100000,0.0036744605749845505
1783870671.2995179,6200000,0.007008519023656845
1783870675.5718331,6300000,0.00834511686116457
1783870679.851409,6400000,0.0038818507455289364
1783870684.838144,6500000,0.007503672502934933
1783870689.1330361,6600000,0.011929789558053017
1783870693.401771,6700000,0.0032028916757553816
1783870697.690465,6800000,0.008418150246143341
1783870701.982995,6900000,0.004666844382882118
1783870707.00636,7000000,0.004110461100935936
1783870711.265707,7100000,0.005810348317027092
1783870715.538595,7200000,0.004001515917479992
1783870719.79587,7300000,0.009708644822239876
1783870724.071558,7400000,0.012221483513712883
1783870729.012112,7500000,0.005876753479242325
1783870733.292834,7600000,0.00404250668361783
1783870737.547532,7700000,0.006008232478052378
1783870741.7714272,7800000,0.005267014726996422
1783870746.034432,7900000,0.013456995598971844
1783870751.021266,8000000,0.010994972661137581
1783870755.298018,8100000,0.017933065071702003
1783870759.544338,8200000,0.00494927354156971
1783870763.83586,8300000,0.005639893002808094
1783870768.090694,8400000,0.006835910491645336
1783870773.10533,8500000,0.005048367194831371
1783870777.312583,8600000,0.008490098640322685
1783870781.5278862,8700000,0.010092012584209442
1783870785.7279968,8800000,0.004523952957242727
1783870789.9742122,8900000,0.013532286509871483
1783870794.9280279,9000000,0.005820467136800289
1783870799.160115,9100000,0.004061259329319
1783870803.382845,9200000,0.0039822193793952465
1783870807.5766919,9300000,0.016528664156794548
1783870811.848738,9400000,0.0033760149963200092
1783870816.899383,9500000,0.010296182706952095
1783870821.168469,9600000,0.007048418279737234
1783870825.422116,9700000,0.010580427013337612
1783870829.621721,9800000,0.006503344979137182
1783870833.903451,9900000,0.006158610340207815
1783870838.940296,10000000,0.006807922385632992
1783870844.11257,10100000,0.0038162940181791782
1783870849.947692,10200000,0.003327270271256566
1783870855.7347982,10300000,0.007895523682236671
1783870860.565953,10400000,0.0034474614076316357
1783870865.547008,10500000,0.0037456571590155363
1783870869.8064792,10600000,0.006084953900426626
1783870874.204334,10700000,0.003610275685787201
1783870878.624065,10800000,0.004800387658178806
1783870882.971832,10900000,0.008329777978360653
1783870888.1271622,11000000,0.006007728166878223
1783870892.410035,11100000,0.00489999633282423
1783870896.758038,11200000,0.005302618257701397
1783870901.025185,11300000,0.003284985199570656
1783870905.95739,11400000,0.0069496044889092445
1783870913.343828,11500000,0.0135419312864542
1783870919.485482,11600000,0.0031236629001796246
1783870925.562131,11700000,0.0030631660483777523
1783870931.541183,11800000,0.003946251701563597
1783870935.865964,11900000,0.00790391955524683
1783870942.85213,12000000,0.007478737737983465
1783870948.01456,12100000,0.006806322373449802
1783870952.689091,12200000,0.006065815221518278
1783870957.314386,12300000,0.004961081780493259
1783870962.0370119,12400000,0.007782029453665018
1783870968.171983,12500000,0.0035479157231748104
1783870972.704288,12600000,0.006940498948097229
1783870978.0384698,12700000,0.004295726306736469
1783870983.318333,12800000,0.0059158229269087315
1783870988.5740302,12900000,0.007159230299293995
1783870994.877433,13000000,0.004885863047093153
1783871000.185942,13100000,0.006886482238769531
1783871005.492385,13200000,0.005217412021011114
1783871010.52797,13300000,0.00829992163926363
1783871015.486861,13400000,0.006922969128936529
1783871021.658027,13500000,0.003947617951780558
1783871026.866976,13600000,0.009137140586972237
1783871032.250558,13700000,0.004970065318048
1783871037.474493,13800000,0.004643474705517292
1783871042.127251,13900000,0.011771982535719872
1783871047.902522,14000000,0.00801454670727253
1783871052.754344,14100000,0.004773498512804508
1783871057.779967,14200000,0.00701767485588789
1783871062.424685,14300000,0.01204530056566
1783871067.586543,14400000,0.00857282243669033
1783871073.560601,14500000,0.004340154118835926
1783871078.39186,14600000,0.006700248457491398
1783871083.655672,14700000,0.0025982907973229885
1783871088.610569,14800000,0.007518631871789694
1783871093.945686,14900000,0.007073541171848774
1783871099.897252,15000000,0.005015129689127207
1783871104.848546,15100000,0.009129426442086697
1783871110.177121,15200000,0.004381449427455664
1783871115.49013,15300000,0.008957426063716412
1783871120.7775528,15400000,0.002963907551020384
1783871125.999243,15500000,0.004939613398164511
1783871130.9831529,15600000,0.007175520993769169
1783871136.38406,15700000,0.0049623409286141396
1783871141.133569,15800000,0.0058272769674658775
1783871146.23062,15900000,0.003942299634218216
1783871152.1890419,16000000,0.006583377718925476
1783871157.2906659,16100000,0.004134663380682468
1783871162.323967,16200000,0.0068747252225875854
1783871167.775151,16300000,0.006113085895776749
1783871173.044887,16400000,0.0068777455016970634
1783871179.2761831,16500000,0.011669647879898548
1783871184.5768378,16600000,0.003982060588896275
1783871189.7619479,16700000,0.005067734979093075
1783871194.850533,16800000,0.005874436814337969
1783871199.840217,16900000,0.004103467799723148
1783871206.056813,17000000,0.0040086121298372746
1783871211.3566139,17100000,0.006304978393018246
1783871216.421173,17200000,0.004030619747936726
1783871221.154519,17300000,0.010492817498743534
1783871226.5415711,17400000,0.004665696993470192
1783871232.3804018,17500000,0.006147915963083506
1783871237.100767,17600000,0.004860779736191034
1783871242.271316,17700000,0.009578344412147999
1783871247.552442,17800000,0.005054558627307415
1783871252.227539,17900000,0.004213957116007805
1783871257.339941,18000000,0.014361965470016003
1783871261.8379688,18100000,0.008119196631014347
1783871266.4144661,18200000,0.004866631235927343
1783871270.8404,18300000,0.003267779480665922
1783871276.032373,18400000,0.010534980334341526
1783871282.427615,18500000,0.004574683494865894
1783871287.721468,18600000,0.005437579937279224
1783871292.955717,18700000,0.0074318284168839455
1783871297.9223192,18800000,0.0076768831349909306
1783871302.503231,18900000,0.004446632228791714
1783871308.754821,19000000,0.010639207437634468
1783871313.937873,19100000,0.004848959390074015
1783871319.1226912,19200000,0.003818865166977048
1783871324.280044,19300000,0.003930097445845604
1783871328.937387,19400000,0.0074086920358240604
1783871334.103251,19500000,0.003501711878925562
1783871339.345344,19600000,0.0065907323732972145
1783871344.0575418,19700000,0.003584210528060794
1783871348.9580119,19800000,0.0030993036925792694
1783871354.131379,19900000,0.004386900924146175
1783871359.3452768,20000000,0.004407634027302265
1783871364.50843,20100000,0.00455465679988265
1783871369.715203,20200000,0.0036265335511416197
1783871374.3621461,20300000,0.003941270988434553
1783871379.482852,20400000,0.004952814429998398
1783871385.7772841,20500000,0.005313256289809942
1783871390.679374,20600000,0.005294542293995619
1783871395.800503,20700000,0.003674956038594246
1783871400.930736,20800000,0.0048973700031638145
1783871406.086043,20900000,0.008026039227843285
1783871411.230599,21000000,0.0029551913030445576
1783871416.178949,21100000,0.004513792227953672
1783871420.817835,21200000,0.010661322623491287
1783871425.756615,21300000,0.003323583398014307
1783871430.608309,21400000,0.007900857366621494
1783871436.87417,21500000,0.006876851432025433
1783871441.9097202,21600000,0.006221479270607233
1783871446.966997,21700000,0.0061966655775904655
1783871452.023735,21800000,0.0051142689771950245
1783871456.900231,21900000,0.004600865300744772
1783871463.3627672,22000000,0.005190213210880756
1783871468.6693969,22100000,0.007951388135552406
1783871473.969172,22200000,0.0062691145576536655
1783871479.25968,22300000,0.0039137499406933784
1783871484.065579,22400000,0.004247031174600124
1783871490.328512,22500000,0.009186108596622944
1783871495.448817,22600000,0.004506071098148823
1783871500.05494,22700000,0.007033845875412226
1783871504.846404,22800000,0.0044771237298846245
1783871509.396278,22900000,0.01061689667403698
1783871515.670943,23000000,0.007579931057989597
1783871520.8430579,23100000,0.0035188086330890656
1783871526.159282,23200000,0.015340698882937431
1783871531.1530292,23300000,0.005410463083535433
1783871536.4893079,23400000,0.004070615861564875
1783871542.879116,23500000,0.004968950990587473
1783871548.0369658,23600000,0.004450980573892593
1783871552.965298,23700000,0.01983092725276947
1783871558.146891,23800000,0.004149529151618481
1783871563.410878,23900000,0.004919936414808035
1783871569.706368,24000000,0.004620875231921673
1783871575.042659,24100000,0.00784885324537754
1783871579.707839,24200000,0.005041765980422497
1783871584.608831,24300000,0.013931934721767902
1783871589.6939158,24400000,0.02660304680466652
1783871595.2385259,24500000,0.008599946275353432
1783871600.393238,24600000,0.003400129498913884
1783871605.782135,24700000,0.004116199444979429
1783871610.49763,24800000,0.004621810279786587
1783871615.842186,24900000,0.0049447473138570786
1783871622.2022479,25000000,0.009264067746698856
1783871627.528766,25100000,0.0027584810741245747
1783871632.568841,25200000,0.006592807359993458
1783871636.963472,25300000,0.011943448334932327
1783871641.578614,25400000,0.00652687344700098
1783871647.939538,25500000,0.003692198544740677
1783871653.247008,25600000,0.005502972286194563
1783871658.567082,25700000,0.004894227720797062
1783871663.7654028,25800000,0.016927490010857582
1783871669.071146,25900000,0.007405939511954784
1783871675.0199628,26000000,0.0038554221391677856
1783871680.284704,26100000,0.0032943724654614925
1783871685.716135,26200000,0.006434439215809107
1783871691.038442,26300000,0.003943511750549078
1783871696.370764,26400000,0.002802168484777212
1783871702.59569,26500000,0.0031727019231766462
1783871707.999404,26600000,0.007569906301796436
1783871713.2781498,26700000,0.005642448551952839
1783871718.1718102,26800000,0.004114902578294277
1783871723.593962,26900000,0.0042863995768129826
1783871729.9395268,27000000,0.011347802355885506
1783871734.2388449,27100000,0.006104348227381706
1783871738.5020642,27200000,0.00811153557151556
1783871742.7562702,27300000,0.005862141493707895
1783871747.016258,27400000,0.005800073035061359
1783871752.0477371,27500000,0.012655164115130901
1783871756.27882,27600000,0.005233114119619131
1783871760.550208,27700000,0.007378275040537119
1783871764.745155,27800000,0.004069751128554344
1783871769.050761,27900000,0.008116637356579304
1783871774.0847309,28000000,0.006256607361137867
1783871778.3399522,28100000,0.005245163571089506
1783871782.630882,28200000,0.004172550980001688
1783871786.978753,28300000,0.010119820013642311
1783871791.236782,28400000,0.004937204997986555
1783871796.245166,28500000,0.005956348497420549
1783871800.483184,28600000,0.004752346780151129
1783871804.7019122,28700000,0.002750903367996216
1783871808.962571,28800000,0.005112693645060062
1783871813.137334,28900000,0.00509988609701395
1783871818.2482162,29000000,0.0035455022007226944
1783871822.5006888,29100000,0.008270073682069778
1783871826.8498619,29200000,0.017651895061135292
1783871831.114418,29300000,0.011069799773395061
1783871835.495434,29400000,0.00460449093952775
1783871840.483433,29500000,0.007141666952520609
1783871844.75778,29600000,0.004299799911677837
1783871849.003833,29700000,0.004384252708405256
1783871853.1975412,29800000,0.004163403995335102
1783871857.423677,29900000,0.0074998969212174416
1783871862.448473,30000000,0.011864223517477512
1783871866.709236,30100000,0.004994809627532959
1783871870.973859,30200000,0.0037661076057702303
1783871875.1705291,30300000,0.003227829933166504
1783871879.425463,30400000,0.0049689942970871925
1783871884.4479308,30500000,0.03017953597009182
1783871888.709079,30600000,0.009220941923558712
1783871893.0144901,30700000,0.006744305603206158
1783871897.262483,30800000,0.0059303781017661095
1783871901.554167,30900000,0.004778462927788496
1783871906.566586,31000000,0.003981927875429392
1783871910.8040562,31100000,0.007866350933909416
1783871915.072953,31200000,0.0055790552869439125
1783871919.2932239,31300000,0.004094790667295456
1783871923.575398,31400000,0.004194171167910099
1783871928.578319,31500000,0.007059169001877308
1783871932.798762,31600000,0.008995011448860168
1783871937.067901,31700000,0.005570267327129841
1783871941.269818,31800000,0.0053421794436872005
1783871945.5736692,31900000,0.0052347383461892605
1783871950.587368,32000000,0.006787349469959736
1783871954.8472488,32100000,0.00575847877189517
1783871959.0876591,32200000,0.004993199370801449
1783871963.314104,32300000,0.006526581011712551
1783871967.564358,32400000,0.006250898353755474
1783871972.523944,32500000,0.004806934390217066
1783871976.739388,32600000,0.005758665967732668
1783871981.016673,32700000,0.0038852032739669085
1783871985.593548,32800000,0.0025900020264089108
1783871989.878359,32900000,0.0047060661017894745
1783871994.9039512,33000000,0.0032704367768019438
1783871999.183051,33100000,0.004318664316087961
1783872003.46193,33200000,0.006578823085874319
1783872007.707314,33300000,0.013031470589339733
1783872011.9976199,33400000,0.0037443817127496004
1783872017.04179,33500000,0.0056371064856648445
1783872021.318701,33600000,0.0051485393196344376
1783872025.535358,33700000,0.0024551679380238056
1783872029.710999,33800000,0.005121002905070782
1783872033.980278,33900000,0.006161308381706476
1783872038.8820548,34000000,0.006595151964575052
1783872043.154204,34100000,0.003974062390625477
1783872047.36268,34200000,0.005862604361027479
1783872051.614366,34300000,0.004338793456554413
1783872055.8267362,34400000,0.0066765411756932735
1783872060.8389702,34500000,0.00773285236209631
1783872065.1820102,34600000,0.009225284680724144
1783872069.3720589,34700000,0.005756850354373455
1783872073.656258,34800000,0.0042240009643137455
1783872077.909621,34900000,0.0032301717437803745
1783872082.9264379,35000000,0.005142039153724909
1783872087.218357,35100000,0.010835225693881512
1783872091.466836,35200000,0.005095504689961672
1783872095.6942441,35300000,0.0031584377866238356
1783872099.9920168,35400000,0.0028792070224881172
1783872104.93794,35500000,0.0068727112375199795
1783872109.212053,35600000,0.005509580951184034
1783872113.5076962,35700000,0.005647254176437855
1783872117.7162812,35800000,0.003998784814029932
1783872122.0306199,35900000,0.005214694421738386
1783872127.028918,36000000,0.004477138631045818
1783872131.3014028,36100000,0.005971326492726803
1783872135.661275,36200000,0.009168395772576332
1783872139.949701,36300000,0.006917604245245457
1783872144.26789,36400000,0.004384794272482395
1783872149.370383,36500000,0.005676286295056343
1783872153.711817,36600000,0.013313119299709797
1783872157.962529,36700000,0.007944848388433456
1783872162.206302,36800000,0.005488567985594273
1783872166.4570901,36900000,0.004569122567772865
1783872171.410034,37000000,0.0035117766819894314
1783872175.691113,37100000,0.004591933451592922
1783872180.000722,37200000,0.004939141217619181
1783872184.2593448,37300000,0.008745715953409672
1783872188.526355,37400000,0.012082045897841454
1783872193.57603,37500000,0.009593082591891289
1783872197.8888419,37600000,0.006662656553089619
1783872202.14976,37700000,0.004043299704790115
1783872206.339415,37800000,0.008109798654913902
1783872210.592427,37900000,0.005070851184427738
1783872215.6632771,38000000,0.003655003383755684
1783872219.954131,38100000,0.0067390562035143375
1783872224.201996,38200000,0.003617395181208849
1783872228.4643898,38300000,0.004709981381893158
1783872232.730415,38400000,0.007137725595384836
1783872237.722537,38500000,0.004833916202187538
1783872242.03248,38600000,0.0059336889535188675
1783872246.303914,38700000,0.003815880510956049
1783872250.617634,38800000,0.008150720968842506
1783872254.881685,38900000,0.00600266782566905
1783872259.898134,39000000,0.003258227137848735
1783872264.140757,39100000,0.003934688400477171
1783872268.34638,39200000,0.0072004469111561775
1783872272.565841,39300000,0.003807513741776347
1783872276.8360178,39400000,0.004602950531989336
1783872281.893025,39500000,0.006591116543859243
1783872286.191658,39600000,0.012915575876832008
1783872290.399934,39700000,0.009773838333785534
1783872294.671703,39800000,0.0059760804288089275
1783872298.953781,39900000,0.005741980858147144
1783872303.995029,40000000,0.006598954554647207
1783872308.243101,40100000,0.0031747128814458847
1783872312.4469278,40200000,0.00689821457490325
1783872316.704093,40300000,0.005947295576334
1783872320.9986482,40400000,0.004838583525270224
1783872325.97105,40500000,0.008599577471613884
1783872330.27388,40600000,0.006439707241952419
1783872334.5250728,40700000,0.0054636686109006405
1783872338.753362,40800000,0.006297712679952383
1783872343.035219,40900000,0.005753393284976482
1783872348.043432,41000000,0.0035152577329427004
1783872352.306226,41100000,0.003772648051381111
1783872356.585423,41200000,0.01004824973642826
1783872360.875786,41300000,0.004425437189638615
1783872365.125537,41400000,0.003889181185513735
1783872370.187186,41500000,0.0040721530094742775
1783872374.443306,41600000,0.00782882608473301
1783872378.701356,41700000,0.0060444907285273075
1783872382.957984,41800000,0.004654380958527327
1783872387.2669408,41900000,0.01452281791716814
1783872392.2664168,42000000,0.005026837345212698
1783872396.5114791,42100000,0.0063270078971982
1783872400.721292,42200000,0.00627162167802453
1783872404.997612,42300000,0.0028207667637616396
1783872409.281854,42400000,0.0034360457211732864
1783872414.3123488,42500000,0.007611001376062632
1783872418.591249,42600000,0.006947900168597698
1783872422.876959,42700000,0.0037296805530786514
1783872427.1004531,42800000,0.004136818461120129
1783872431.336434,42900000,0.006962836720049381
1783872436.3731499,43000000,0.004958773963153362
1783872440.686412,43100000,0.005426777061074972
1783872444.967509,43200000,0.0065361736342310905
1783872449.2352462,43300000,0.005853340029716492
1783872453.444976,43400000,0.0041959271766245365
1783872458.424861,43500000,0.006366678513586521
1783872462.872361,43600000,0.005338018760085106
1783872467.163885,43700000,0.004297031555324793
1783872471.464622,43800000,0.006066207308322191
1783872475.7412832,43900000,0.003929562401026487
1783872480.878606,44000000,0.004417174030095339
1783872485.154544,44100000,0.005793343763798475
1783872489.419738,44200000,0.00664713466539979
1783872493.7123141,44300000,0.005648996215313673
1783872498.0254679,44400000,0.006097936537116766
1783872503.146425,44500000,0.007266385015100241
1783872507.463244,44600000,0.005169273354113102
1783872511.730579,44700000,0.006864240858703852
1783872516.046866,44800000,0.009480077773332596
1783872520.267971,44900000,0.008306322619318962
1783872525.347338,45000000,0.0058864569291472435
1783872529.604203,45100000,0.005423327442258596
1783872533.8716748,45200000,0.0034550135023891926
1783872538.1393652,45300000,0.008093418553471565
1783872542.3748732,45400000,0.0071281432174146175
1783872547.450047,45500000,0.0039309351705014706
1783872551.709089,45600000,0.006147837731987238
1783872556.007738,45700000,0.005473252385854721
1783872560.244277,45800000,0.006308683194220066
1783872564.5266821,45900000,0.003772178664803505
1783872569.628534,46000000,0.006181605625897646
1783872573.916501,46100000,0.004938027821481228
1783872578.173606,46200000,0.0036634174175560474
1783872582.4618182,46300000,0.0053961253724992275
1783872586.740342,46400000,0.006059569306671619
1783872591.822379,46500000,0.008308438584208488
1783872596.149506,46600000,0.009155886247754097
1783872600.3558242,46700000,0.010523972101509571
1783872604.632757,46800000,0.005321708507835865
1783872608.8765209,46900000,0.008741648867726326
1783872613.866612,47000000,0.008798141963779926
1783872618.168593,47100000,0.005060573574155569
1783872622.465475,47200000,0.00401613162830472
1783872626.7142432,47300000,0.0038868237752467394
1783872631.018543,47400000,0.004959862679243088
1783872636.047512,47500000,0.005718901287764311
1783872640.364375,47600000,0.005692427046597004
1783872644.618813,47700000,0.006847879383713007
1783872648.887976,47800000,0.007446744479238987
1783872653.1640372,47900000,0.008641483262181282
1783872658.17914,48000000,0.00416244100779295
1783872662.47178,48100000,0.017731478437781334
1783872666.76146,48200000,0.008363586850464344
1783872671.080385,48300000,0.00725830951705575
1783872675.343439,48400000,0.004204440861940384
1783872680.378429,48500000,0.00576173048466444
1783872684.6602838,48600000,0.005364422686398029
1783872689.013035,48700000,0.005734848324209452
1783872693.294006,48800000,0.00540729658678174
1783872697.608201,48900000,0.006100402679294348
1783872702.66271,49000000,0.005578872747719288
1783872706.950602,49100000,0.007407534867525101
1783872711.180876,49200000,0.004840395413339138
1783872715.4674602,49300000,0.005469680763781071
1783872719.731885,49400000,0.002474050037562847
1783872724.7623081,49500000,0.00563511997461319
1783872729.06563,49600000,0.003042707685381174
1783872733.338741,49700000,0.006845585070550442
1783872737.955578,49800000,0.00513057503849268
1783872742.282957,49900000,0.00974836852401495
1783872747.32974,50000000,0.0040609268471598625
1783872751.578499,50100000,0.005115195643156767
1783872755.8448808,50200000,0.006023462861776352
1783872760.126087,50300000,0.0036169253289699554
1783872764.354882,50400000,0.0076540373265743256
1783872769.3662238,50500000,0.012421968393027782
1783872773.63151,50600000,0.004718843847513199
1783872777.9366112,50700000,0.003405679017305374
1783872782.2347798,50800000,0.004162549041211605
1783872786.569101,50900000,0.004327550996094942
1783872791.7133539,51000000,0.0071154022589325905
1783872796.161296,51100000,0.011463096365332603
1783872800.549925,51200000,0.0032207719050347805
1783872804.791657,51300000,0.004832338076084852
1783872809.047575,51400000,0.004033959470689297
1783872814.0373278,51500000,0.007165413349866867
1783872818.358083,51600000,0.004645783454179764
1783872822.645531,51700000,0.005838544107973576
1783872826.92318,51800000,0.0034566898830235004
1783872831.185979,51900000,0.004694417119026184
1783872836.20996,52000000,0.004757838323712349
1783872840.497503,52100000,0.005358594469726086
1783872844.802908,52200000,0.007059845142066479
1783872849.024618,52300000,0.0028130272403359413
1783872853.285812,52400000,0.005723454989492893
1783872858.3697321,52500000,0.005828819703310728
1783872862.657283,52600000,0.0036751844454556704
1783872866.985125,52700000,0.0038910117000341415
1783872871.242583,52800000,0.007232866249978542
1783872875.55319,52900000,0.0036391341127455235
1783872880.597822,53000000,0.006060864310711622
1783872884.880497,53100000,0.0038229278288781643
1783872889.139316,53200000,0.004186716396361589
1783872893.3280032,53300000,0.005186574999243021
1783872897.5806022,53400000,0.007924878969788551
1783872902.607212,53500000,0.005348296370357275
1783872906.9391758,53600000,0.005704223178327084
1783872911.19959,53700000,0.006121552549302578
1783872915.4553988,53800000,0.004408885724842548
1783872919.728898,53900000,0.005781003274023533
1783872924.776999,54000000,0.005637279246002436
1783872929.039526,54100000,0.003720893058925867
1783872933.3330328,54200000,0.003268308937549591
1783872937.587239,54300000,0.004502343479543924
1783872941.88076,54400000,0.004232972394675016
1783872946.995189,54500000,0.006516080349683762
1783872951.263644,54600000,0.0074931844137609005
1783872955.531044,54700000,0.006508677266538143
1783872959.815069,54800000,0.004960760939866304
1783872964.105336,54900000,0.006948757916688919
1783872969.155948,55000000,0.0053722551092505455
1783872973.513626,55100000,0.0043536825105547905
1783872977.826785,55200000,0.007378982845693827
1783872982.1470468,55300000,0.007145638577640057
1783872986.3798091,55400000,0.005369505845010281
1783872991.4433,55500000,0.005229680333286524
1783872995.7219148,55600000,0.005270195193588734
1783872999.997382,55700000,0.006836976855993271
1783873004.2031841,55800000,0.005790433846414089
1783873008.475009,55900000,0.005005760584026575
1783873013.563099,56000000,0.0066065117716789246
1783873017.826869,56100000,0.004415054805576801
1783873022.1322181,56200000,0.004353423602879047
1783873026.426541,56300000,0.0028908911626785994
1783873030.7327292,56400000,0.01513296365737915
1783873035.826426,56500000,0.004685203079134226
1783873040.1235268,56600000,0.008049904368817806
1783873044.355078,56700000,0.0036164491903036833
1783873048.6558661,56800000,0.011747726239264011
1783873052.962036,56900000,0.010842649266123772
1783873058.020651,57000000,0.005184920039027929
1783873062.344204,57100000,0.004297713749110699
1783873066.6016672,57200000,0.0032621663995087147
1783873070.862752,57300000,0.006289574317634106
1783873075.142993,57400000,0.004356889054179192
1783873080.184353,57500000,0.004933857824653387
1783873084.4420228,57600000,0.004155774135142565
1783873088.7167811,57700000,0.0035825346130877733
1783873093.057796,57800000,0.010641493834555149
1783873097.286171,57900000,0.009016171097755432
1783873102.358047,58000000,0.00500018335878849
1783873106.7495391,58100000,0.00601497758179903
1783873111.125202,58200000,0.007311905734241009
1783873115.343893,58300000,0.00757116824388504
1783873119.5907772,58400000,0.0037330344785004854
1783873124.84965,58500000,0.0032073170877993107
1783873129.08308,58600000,0.008296055719256401
1783873133.3219562,58700000,0.0060511184856295586
1783873137.614034,58800000,0.006306146737188101
1783873141.9070878,58900000,0.007716399617493153
1783873146.97349,59000000,0.004912261851131916
1783873151.254281,59100000,0.007926803082227707
1783873155.56657,59200000,0.005003610625863075
1783873159.876111,59300000,0.00808862503618002
1783873164.174762,59400000,0.003106377786025405
1783873169.135076,59500000,0.005951445549726486
1783873173.405379,59600000,0.003431324614211917
1783873177.667794,59700000,0.003500995459035039
1783873181.941376,59800000,0.00426953611895442
1783873186.2847831,59900000,0.005413084290921688
1783873191.352937,60000000,0.002494086744263768
1783873195.6699111,60100000,0.003637149231508374
1783873199.934856,60200000,0.004331125412136316
1783873204.2173471,60300000,0.0055470713414251804
1783873208.469279,60400000,0.006006191950291395
1783873213.544777,60500000,0.00414227694272995
1783873217.8251,60600000,0.00530737591907382
1783873222.215672,60700000,0.005235612392425537
1783873226.486896,60800000,0.0039009260945022106
1783873230.7277598,60900000,0.003635952714830637
1783873235.780191,61000000,0.005224228370934725
1783873240.0912871,61100000,0.005196880083531141
1783873244.363035,61200000,0.0045868526212871075
1783873248.63227,61300000,0.0053500221110880375
1783873252.911913,61400000,0.004507214762270451
1783873257.960763,61500000,0.0040636141784489155
1783873262.299003,61600000,0.005214444361627102
1783873266.6009548,61700000,0.003294752910733223
1783873270.907616,61800000,0.004982814192771912
1783873275.18752,61900000,0.0036834576167166233
1783873280.259711,62000000,0.004496965557336807
1783873284.5282292,62100000,0.0033308970741927624
1783873288.885248,62200000,0.004326796159148216
1783873293.169833,62300000,0.003974702674895525
1783873297.4477959,62400000,0.0031682855915278196
1783873302.4922009,62500000,0.007491427473723888
1783873306.769424,62600000,0.0071870735846459866
1783873311.090231,62700000,0.006221466697752476
1783873315.369456,62800000,0.007208581082522869
1783873319.631135,62900000,0.005748635623604059
1783873324.668542,63000000,0.0039012539200484753
1783873328.923877,63100000,0.008639848791062832
1783873333.21694,63200000,0.010167969390749931
1783873337.491285,63300000,0.004147063475102186
1783873341.815316,63400000,0.00629859883338213
1783873346.8073978,63500000,0.00521882763132453
1783873351.096481,63600000,0.005562732927501202
1783873355.3104398,63700000,0.013602319173514843
1783873359.567182,63800000,0.00388251687400043
1783873363.877218,63900000,0.004488274455070496
1783873368.937006,64000000,0.004059206694364548
1783873373.219991,64100000,0.0022144841495901346
1783873377.495337,64200000,0.008076926693320274
1783873381.759358,64300000,0.006701099686324596
1783873386.022827,64400000,0.006322374101728201
1783873391.032065,64500000,0.005537211429327726
1783873395.313247,64600000,0.006439955439418554
1783873399.601429,64700000,0.005165705922991037
1783873403.9297621,64800000,0.005479169078171253
1783873408.2822568,64900000,0.0049383207224309444
1783873413.27581,65000000,0.005912251304835081
1783873417.551858,65100000,0.007216308265924454
1783873421.7914429,65200000,0.005730127450078726
1783873426.143384,65300000,0.0035146474838256836
1783873430.35654,65400000,0.005050308536738157
1783873435.3850298,65500000,0.004541309084743261
1783873439.663746,65600000,0.0049365209415555
1783873443.980213,65700000,0.0047377184964716434
1783873448.2151349,65800000,0.004476270638406277
1783873452.469095,65900000,0.00651464844122529
1783873457.524238,66000000,0.003285552840679884
1783873461.817079,66100000,0.008985067717730999
1783873466.075706,66200000,0.007527512963861227
1783873470.2840571,66300000,0.005357223562896252
1783873474.574186,66400000,0.007297458592802286
1783873479.623061,66500000,0.004239990375936031
1783873483.920396,66600000,0.0041733430698513985
1783873488.1792262,66700000,0.0035887807607650757
1783873492.454655,66800000,0.0043814098462462425
1783873496.7085161,66900000,0.0032206953037530184
1783873501.8011782,67000000,0.009424013085663319
1783873506.058218,67100000,0.00423375004902482
1783873510.353102,67200000,0.011238410137593746
1783873514.622004,67300000,0.00311583885923028
1783873518.935916,67400000,0.005720460321754217
1783873523.982778,67500000,0.005559737328439951
1783873528.243569,67600000,0.006711558438837528
1783873532.510731,67700000,0.004638582933694124
1783873536.827017,67800000,0.0055101304315030575
1783873541.123899,67900000,0.003754944773390889
1783873546.128953,68000000,0.0035695135593414307
1783873550.4343731,68100000,0.004810544662177563
1783873554.709307,68200000,0.00821598619222641
1783873558.987669,68300000,0.003529762150719762
1783873563.223545,68400000,0.008394881151616573
1783873568.242195,68500000,0.007893580943346024
1783873572.5337322,68600000,0.004290730692446232
1783873576.765182,68700000,0.003977298736572266
1783873581.074014,68800000,0.004488637205213308
1783873585.281995,68900000,0.008534375578165054
1783873590.3040829,69000000,0.010059666819870472
1783873594.572065,69100000,0.00357988802716136
1783873598.864953,69200000,0.0029168433975428343
1783873603.1795762,69300000,0.008600081317126751
1783873607.3709838,69400000,0.003791122930124402
1783873612.346452,69500000,0.005642264150083065
1783873616.629588,69600000,0.004868111573159695
1783873620.910381,69700000,0.0037573501467704773
1783873625.159054,69800000,0.0042098211124539375
1783873629.3553898,69900000,0.007317335344851017
1783873634.314711,70000000,0.007084922399371862
1783873638.601792,70100000,0.0031232417095452547
1783873642.897137,70200000,0.005474076606333256
1783873647.156141,70300000,0.008241994306445122
1783873651.3853471,70400000,0.003947670571506023
1783873656.398505,70500000,0.0038290652446448803
1783873660.694578,70600000,0.003808216657489538
1783873664.969894,70700000,0.005217911209911108
1783873669.216528,70800000,0.0049868496134877205
1783873673.5096881,70900000,0.0035281754098832607
1783873678.482975,71000000,0.013097156770527363
1783873682.7330198,71100000,0.0025112831499427557
1783873686.9790049,71200000,0.007792261429131031
1783873691.182318,71300000,0.004441971890628338
1783873695.431394,71400000,0.007068919483572245
1783873700.5579488,71500000,0.00860421359539032
1783873704.8183832,71600000,0.003088534576818347
1783873709.107449,71700000,0.004133523441851139
1783873713.3259132,71800000,0.004328694194555283
1783873717.6474319,71900000,0.004793199710547924
1783873722.661814,72000000,0.005220038816332817
1783873726.9589849,72100000,0.004407468251883984
1783873731.273008,72200000,0.005291277077049017
1783873735.528818,72300000,0.005109768360853195
1783873739.830306,72400000,0.00518756452947855
1783873744.899503,72500000,0.002991768065840006
1783873749.200167,72600000,0.005115755368024111
1783873753.5246878,72700000,0.004113209433853626
1783873757.802012,72800000,0.0031569190323352814
1783873762.1276128,72900000,0.00444372883066535
1783873767.180985,73000000,0.008556162938475609
1783873771.5414798,73100000,0.003800508100539446
1783873775.820582,73200000,0.002917723497375846
1783873780.07184,73300000,0.0054589929059147835
1783873784.3746939,73400000,0.003072214312851429
1783873789.514704,73500000,0.005090505816042423
1783873793.8093991,73600000,0.003673301311209798
1783873798.13217,73700000,0.0042261844500899315
1783873802.4061608,73800000,0.004018579609692097
1783873806.714612,73900000,0.003331165062263608
1783873811.7976801,74000000,0.007859026081860065
1783873816.068822,74100000,0.00825587660074234
1783873820.363414,74200000,0.003881296142935753
1783873824.673391,74300000,0.007381245493888855
1783873828.9680388,74400000,0.004342976026237011
1783873834.011523,74500000,0.006298531778156757
1783873838.3031611,74600000,0.006899973843246698
1783873842.579303,74700000,0.007645399309694767
1783873846.872494,74800000,0.004309196025133133
1783873851.146194,74900000,0.0028198454529047012
1783873856.210067,75000000,0.00518370745703578
1783873860.519382,75100000,0.004348183982074261
1783873864.856968,75200000,0.005860769655555487
1783873869.1498492,75300000,0.012393364682793617
1783873873.504679,75400000,0.0045798467472195625
1783873878.578756,75500000,0.0034955281298607588
1783873882.854133,75600000,0.004769058432430029
1783873887.145347,75700000,0.005974086932837963
1783873891.395542,75800000,0.00353883090429008
1783873895.700556,75900000,0.005527574568986893
1783873900.807667,76000000,0.005569475702941418
1783873905.115034,76100000,0.00604994548484683
1783873909.421036,76200000,0.004392037633806467
1783873913.727029,76300000,0.0035578864626586437
1783873918.02707,76400000,0.004945934750139713
1783873923.055954,76500000,0.004258849658071995
1783873927.337404,76600000,0.008301401510834694
1783873931.660224,76700000,0.004438160452991724
1783873935.973482,76800000,0.0036696339957416058
1783873940.311819,76900000,0.007268297020345926
1783873945.363224,77000000,0.004951296374201775
1783873949.729503,77100000,0.004254930652678013
1783873954.05516,77200000,0.0042913686484098434
1783873958.38995,77300000,0.007662265561521053
1783873962.7259269,77400000,0.005452104844152927
1783873967.794229,77500000,0.005262398160994053
1783873972.1447968,77600000,0.0039602480828762054
1783873976.387491,77700000,0.003548941807821393
1783873980.706028,77800000,0.0034232132602483034
1783873985.0423481,77900000,0.003953247331082821
1783873990.1009111,78000000,0.006465576589107513
1783873994.362373,78100000,0.004160632379353046
1783873998.639348,78200000,0.003791735041886568
1783874002.928988,78300000,0.005601252429187298
1783874007.200704,78400000,0.004357338882982731
1783874012.314781,78500000,0.009148070588707924
1783874016.652561,78600000,0.005019910167902708
1783874020.945163,78700000,0.006111075170338154
1783874025.275535,78800000,0.008192235603928566
1783874029.561826,78900000,0.011256164871156216
1783874034.6112618,79000000,0.007520943880081177
1783874038.911638,79100000,0.004493808839470148
1783874043.182886,79200000,0.005601732991635799
1783874047.426537,79300000,0.0051202489994466305
1783874051.708367,79400000,0.006612774915993214
1783874056.720324,79500000,0.004440610762685537
1783874061.002424,79600000,0.004563183058053255
1783874065.278251,79700000,0.0063848840072751045
1783874069.517656,79800000,0.003073973348364234
1783874073.8010619,79900000,0.009570719674229622
1783874078.919887,80000000,0.005752389784902334
1783874083.231832,80100000,0.004851971752941608
1783874087.525611,80200000,0.005392767488956451
1783874091.854972,80300000,0.0038401957135647535
1783874096.149251,80400000,0.009242309257388115
1783874101.1546052,80500000,0.003100928384810686
1783874105.465683,80600000,0.003539416939020157
1783874109.7353668,80700000,0.006450916174799204
1783874114.0230231,80800000,0.012746581807732582
1783874118.262157,80900000,0.004877228755503893
1783874123.2468119,81000000,0.004554836079478264
1783874127.492121,81100000,0.006628817413002253
1783874131.745409,81200000,0.0023928326554596424
1783874136.062691,81300000,0.005083055235445499
1783874140.343147,81400000,0.004929706454277039
1783874145.3942888,81500000,0.003430742770433426
1783874149.6316319,81600000,0.0032292671967297792
1783874153.9403222,81700000,0.008008642122149467
1783874158.2065952,81800000,0.007141980342566967
1783874162.4940002,81900000,0.002090116497129202
1783874167.468286,82000000,0.005460155196487904
1783874171.742738,82100000,0.004165244288742542
1783874176.0638201,82200000,0.003822160419076681
1783874180.2872262,82300000,0.004028410650789738
1783874184.61622,82400000,0.004321482963860035
1783874189.624046,82500000,0.004957191180437803
1783874193.914281,82600000,0.003132642712444067
1783874198.2114098,82700000,0.005218115169554949
1783874202.49507,82800000,0.006018766202032566
1783874206.728715,82900000,0.002975296229124069
1783874211.721192,83000000,0.003999839071184397
1783874216.021277,83100000,0.008399935439229012
1783874220.223212,83200000,0.0035637624096125364
1783874224.520898,83300000,0.0026240095030516386
1783874228.7817678,83400000,0.004439128562808037
1783874233.856947,83500000,0.004931780509650707
1783874238.122964,83600000,0.006336039397865534
1783874242.358866,83700000,0.004828012082725763
1783874246.6250072,83800000,0.005816632881760597
1783874250.890673,83900000,0.003709105309098959
1783874255.902381,84000000,0.004743882920593023
1783874260.192897,84100000,0.006084682885557413
1783874264.5179,84200000,0.004767290782183409
1783874268.707467,84300000,0.0036070644855499268
1783874272.962539,84400000,0.004173808731138706
1783874278.0059872,84500000,0.005543996579945087
1783874282.2872791,84600000,0.003171926364302635
1783874286.5395122,84700000,0.003566267667338252
1783874290.806481,84800000,0.003412022488191724
1783874295.068367,84900000,0.003837294178083539
1783874300.015511,85000000,0.003660158719867468
1783874304.280014,85100000,0.0034239136148244143
1783874308.5608692,85200000,0.0024085110053420067
1783874312.783517,85300000,0.003715227823704481
1783874317.081504,85400000,0.004708052147179842
1783874322.224749,85500000,0.003053243737667799
1783874326.450312,85600000,0.006204597186297178
1783874330.6495261,85700000,0.003192345378920436
1783874334.9430242,85800000,0.005962825380265713
1783874339.205993,85900000,0.003713112324476242
1783874344.210767,86000000,0.006338098086416721
1783874348.4871402,86100000,0.0031115973833948374
1783874352.745211,86200000,0.011985544115304947
1783874356.98898,86300000,0.0032151746563613415
1783874361.21014,86400000,0.009717613458633423
1783874366.222094,86500000,0.0035415925085544586
1783874370.43364,86600000,0.004862401634454727
1783874374.7159748,86700000,0.00871986709535122
1783874378.9928908,86800000,0.002433281857520342
1783874383.357167,86900000,0.003963680937886238
1783874388.333347,87000000,0.005208034999668598
1783874392.572667,87100000,0.005273696966469288
1783874396.840394,87200000,0.004056151490658522
1783874401.193117,87300000,0.00557760801166296
1783874405.450294,87400000,0.004632424563169479
1783874410.428813,87500000,0.004927736707031727
1783874414.661802,87600000,0.0027851019985973835
1783874418.971597,87700000,0.0031816824339330196
1783874423.255431,87800000,0.005409835837781429
1783874427.482909,87900000,0.01076856255531311
1783874432.49531,88000000,0.0051693907007575035
1783874436.76771,88100000,0.004451459739357233
1783874441.081214,88200000,0.005371571984142065
1783874445.3100731,88300000,0.004147680941969156
1783874449.545356,88400000,0.0038587278686463833
1783874454.5589912,88500000,0.008356351405382156
1783874458.7838552,88600000,0.0025091939605772495
1783874463.0914361,88700000,0.0075753359124064445
1783874467.300769,88800000,0.003483438165858388
1783874471.571817,88900000,0.006060246843844652
1783874476.630124,89000000,0.0033496790565550327
1783874480.9412322,89100000,0.003183844732120633
1783874485.176425,89200000,0.005691193044185638
1783874489.456508,89300000,0.003571699606254697
1783874493.669627,89400000,0.0030142206232994795
1783874498.713249,89500000,0.0029394770972430706
1783874502.969131,89600000,0.008107778616249561
1783874507.230567,89700000,0.004316604696214199
1783874511.534755,89800000,0.004479429684579372
1783874515.699808,89900000,0.003091823775321245
1783874520.750318,90000000,0.0032762892078608274
1783874525.061261,90100000,0.0036248296964913607
1783874529.3039129,90200000,0.00315275602042675
1783874533.5950809,90300000,0.0034941311459988356
1783874537.854054,90400000,0.004337395075708628
1783874542.8875709,90500000,0.004357488825917244
1783874547.32189,90600000,0.003789094742387533
1783874551.5701041,90700000,0.005860799923539162
1783874555.8591301,90800000,0.003352031111717224
1783874560.1545541,90900000,0.004702067468315363
1783874565.16312,91000000,0.004205386620014906
1783874569.411684,91100000,0.0028746691532433033
1783874573.721601,91200000,0.005967261269688606
1783874578.120286,91300000,0.0038389451801776886
1783874582.555789,91400000,0.0037477959413081408
1783874587.58812,91500000,0.006044967565685511
1783874591.879401,91600000,0.0041125682182610035
1783874596.474028,91700000,0.008251278661191463
1783874600.812181,91800000,0.004168241284787655
1783874605.070933,91900000,0.004097531549632549
1783874610.05702,92000000,0.003165995003655553
1783874614.890902,92100000,0.0038591898046433926
1783874619.151954,92200000,0.003133019432425499
1783874623.355728,92300000,0.003835326759144664
1783874627.59654,92400000,0.0034658543299883604
1783874632.733782,92500000,0.0042043766006827354
1783874637.0300832,92600000,0.004441036842763424
1783874641.273837,92700000,0.0024521811865270138
1783874645.52104,92800000,0.003127817064523697
1783874649.818219,92900000,0.00511742802336812
1783874654.8509629,93000000,0.0031210114248096943
1783874659.191499,93100000,0.004069075919687748
1783874663.4493492,93200000,0.003957155626267195
1783874668.71439,93300000,0.003406515344977379
1783874672.962056,93400000,0.002724363934248686
1783874677.994199,93500000,0.005142172798514366
1783874682.2990022,93600000,0.008441788144409657
1783874686.743028,93700000,0.004538245033472776
1783874691.008939,93800000,0.004594842903316021
1783874695.1980999,93900000,0.004435603506863117
1783874700.226759,94000000,0.0034791058860719204
1783874704.746853,94100000,0.003498043166473508
1783874708.98612,94200000,0.006211083382368088
1783874713.2861598,94300000,0.004690156783908606
1783874717.723572,94400000,0.005635071080178022
1783874722.899379,94500000,0.0032214061357080936
1783874727.166476,94600000,0.00409774761646986
1783874731.3713338,94700000,0.0037670701276510954
1783874736.649367,94800000,0.00314898369833827
1783874740.997445,94900000,0.002094034804031253
1783874746.012576,95000000,0.00304669002071023
1783874750.3652968,95100000,0.0033963278401643038
1783874754.6491299,95200000,0.0036832212936133146
1783874758.918072,95300000,0.0030434352811425924
1783874763.210092,95400000,0.002468167571350932
1783874768.259649,95500000,0.0035105079878121614
1783874772.553511,95600000,0.003500802908092737
1783874776.810112,95700000,0.002671288326382637
1783874781.080064,95800000,0.002500266535207629
1783874786.052821,95900000,0.002107807667925954
1783874791.2750962,96000000,0.0037009131629019976
1783874795.537132,96100000,0.003306999336928129
1783874799.80784,96200000,0.003327671904116869
1783874804.487187,96300000,0.0036150880623608828
1783874809.075237,96400000,0.004844381008297205
1783874814.08991,96500000,0.002335051540285349
1783874818.373409,96600000,0.0037376999389380217
1783874822.637304,96700000,0.0056398487649858
1783874827.082774,96800000,0.0034126839600503445
1783874831.382887,96900000,0.005218016915023327
1783874836.4021099,97000000,0.003533898387104273
1783874840.656398,97100000,0.0021178587339818478
1783874845.1957362,97200000,0.0032265414483845234
1783874849.431155,97300000,0.0034611683804541826
1783874853.68078,97400000,0.005637785419821739
1783874858.7283998,97500000,0.0032295435667037964
1783874863.087914,97600000,0.002633238909766078
1783874867.2896461,97700000,0.002716738497838378
1783874871.54306,97800000,0.0033870830666273832
1783874875.814223,97900000,0.002573596080765128
1783874880.861015,98000000,0.0038638312835246325
1783874885.1782231,98100000,0.002994343638420105
1783874889.373722,98200000,0.006755379494279623
1783874893.6266801,98300000,0.005809919908642769
1783874897.889007,98400000,0.003340804949402809
1783874902.950655,98500000,0.003190368879586458
1783874907.2509289,98600000,0.002183768432587385
1783874911.523942,98700000,0.004349441733211279
1783874915.735241,98800000,0.002641772385686636
1783874920.047358,98900000,0.003407123265787959
1783874925.131954,99000000,0.00219138665124774
1783874929.394986,99100000,0.00593497883528471
1783874933.8050659,99200000,0.0033766322303563356
1783874938.0424562,99300000,0.003234108444303274
1783874942.299498,99400000,0.004857956897467375
1783874947.276356,99500000,0.0033221933990716934
1783874951.560708,99600000,0.002572149271145463
1783874955.8240662,99700000,0.002712167100980878
1783874960.1089761,99800000,0.0024853600189089775
1783874964.3269372,99900000,0.002394075272604823
1783874969.5923688,100000000,0.0038049835711717606
